{
  "key": "logitech_c250",
  "name": "Logitech C250",
  "make": "Logitech",
  "model": "C250",
  "template": "octolapse-mjpg-streamer-logitech-c250",
  "controls": [
    {
      "name": "Brightness",
      "id": "9963776",
      "type": "1",
      "min": "0",
      "max": "255",
      "step": "1",
      "default": "128",
      "value": "1",
      "dest": "0",
      "flags": "0",
      "group": "1"
    },
    {
      "name": "Contrast",
      "id": "9963777",
      "type": "1",
      "min": "0",
      "max": "255",
      "step": "1",
      "default": "32",
      "value": "72",
      "dest": "0",
      "flags": "0",
      "group": "1"
    },
    {
      "name": "Saturation",
      "id": "9963778",
      "type": "1",
      "min": "0",
      "max": "255",
      "step": "1",
      "default": "31",
      "value": "30",
      "dest": "0",
      "flags": "0",
      "group": "1"
    },
    {
      "name": "White Balance Temperature, Auto",
      "id": "9963788",
      "type": "2",
      "min": "0",
      "max": "1",
      "step": "1",
      "default": "1",
      "value": "1",
      "dest": "0",
      "flags": "0",
      "group": "1"
    },
    {
      "name": "Gain",
      "id": "9963795",
      "type": "1",
      "min": "0",
      "max": "255",
      "step": "1",
      "default": "0",
      "value": "0",
      "dest": "0",
      "flags": "0",
      "group": "1"
    },
    {
      "name": "Power Line Frequency",
      "id": "9963800",
      "type": "3",
      "min": "0",
      "max": "2",
      "step": "1",
      "default": "2",
      "value": "2",
      "dest": "0",
      "flags": "0",
      "group": "1",
      "menu": {
        "0": "Disabled",
        "1": "50 Hz",
        "2": "60 Hz"
      }
    },
    {
      "name": "White Balance Temperature",
      "id": "9963802",
      "type": "1",
      "min": "0",
      "max": "10000",
      "step": "10",
      "default": "4000",
      "value": "4000",
      "dest": "0",
      "flags": "16",
      "group": "1"
    },
    {
      "name": "Sharpness",
      "id": "9963803",
      "type": "1",
      "min": "0",
      "max": "255",
      "step": "1",
      "default": "130",
      "value": "130",
      "dest": "0",
      "flags": "0",
      "group": "1"
    },
    {
      "name": "Backlight Compensation",
      "id": "9963804",
      "type": "1",
      "min": "0",
      "max": "1",
      "step": "1",
      "default": "1",
      "value": "1",
      "dest": "0",
      "flags": "0",
      "group": "1"
    },
    {
      "name": "Exposure, Auto",
      "id": "10094849",
      "type": "3",
      "min": "0",
      "max": "3",
      "step": "1",
      "default": "3",
      "value": "3",
      "dest": "0",
      "flags": "0",
      "group": "1",
      "menu": {
        "0": "",
        "1": "Manual Mode",
        "2": "",
        "3": "Aperture Priority Mode"
      }
    },
    {
      "name": "Exposure (Absolute)",
      "id": "10094850",
      "type": "1",
      "min": "1",
      "max": "10000",
      "step": "1",
      "default": "166",
      "value": "166",
      "dest": "0",
      "flags": "16",
      "group": "1"
    },
    {
      "name": "Exposure, Auto Priority",
      "id": "10094851",
      "type": "2",
      "min": "0",
      "max": "1",
      "step": "1",
      "default": "0",
      "value": "1",
      "dest": "0",
      "flags": "0",
      "group": "1"
    },
    {
      "name": "JPEG quality",
      "id": "1",
      "type": "1",
      "min": "0",
      "max": "100",
      "step": "1",
      "default": "50",
      "value": "0",
      "dest": "0",
      "flags": "0",
      "group": "3"
    }
  ],
  "formats": [
    {
      "id": "0",
      "name": "YUYV 4:2:2",
      "compressed": "false",
      "emulated": "false",
      "current": "true",
      "resolutions": {
        "0": "640x480",
        "1": "160x120",
        "2": "176x144",
        "3": "320x240",
        "4": "352x288",
        "5": "640x360",
        "6": "640x400",
        "7": "800x600",
        "8": "960x720",
        "9": "1280x720",
        "10": "1280x800",
        "11": "1280x1024"
      },
      "currentResolution": "255"
    },
    {
      "id": "1",
      "name": "Motion-JPEG",
      "compressed": "true",
      "emulated": "false",
      "current": "true",
      "resolutions": {
        "0": "640x480",
        "1": "160x120",
        "2": "176x144",
        "3": "320x240",
        "4": "352x288",
        "5": "640x360",
        "6": "640x400",
        "7": "800x600",
        "8": "960x720",
        "9": "1280x720",
        "10": "1280x800",
        "11": "1280x1024"
      },
      "currentResolution": "11"
    },
    {
      "id": "2",
      "name": "RGB3",
      "compressed": "false",
      "emulated": "true",
      "current": "true",
      "resolutions": {
        "0": "640x480",
        "1": "160x120",
        "2": "176x144",
        "3": "320x240",
        "4": "352x288",
        "5": "640x360",
        "6": "640x400",
        "7": "800x600",
        "8": "960x720",
        "9": "1280x720",
        "10": "1280x800",
        "11": "1280x1024"
      },
      "currentResolution": "255"
    },
    {
      "id": "3",
      "name": "BGR3",
      "compressed": "false",
      "emulated": "true",
      "current": "true",
      "resolutions": {
        "0": "640x480",
        "1": "160x120",
        "2": "176x144",
        "3": "320x240",
        "4": "352x288",
        "5": "640x360",
        "6": "640x400",
        "7": "800x600",
        "8": "960x720",
        "9": "1280x720",
        "10": "1280x800",
        "11": "1280x1024"
      },
      "currentResolution": "255"
    },
    {
      "id": "4",
      "name": "YU12",
      "compressed": "false",
      "emulated": "true",
      "current": "true",
      "resolutions": {
        "0": "640x480",
        "1": "160x120",
        "2": "176x144",
        "3": "320x240",
        "4": "352x288",
        "5": "640x360",
        "6": "640x400",
        "7": "800x600",
        "8": "960x720",
        "9": "1280x720",
        "10": "1280x800",
        "11": "1280x1024"
      },
      "currentResolution": "255"
    },
    {
      "id": "5",
      "name": "YV12",
      "compressed": "false",
      "emulated": "true",
      "current": "true",
      "resolutions": {
        "0": "640x480",
        "1": "160x120",
        "2": "176x144",
        "3": "320x240",
        "4": "352x288",
        "5": "640x360",
        "6": "640x400",
        "7": "800x600",
        "8": "960x720",
        "9": "1280x720",
        "10": "1280x800",
        "11": "1280x1024"
      },
      "currentResolution": "255"
    }
  ]
}
